creator_card_id,content_id,sort_order,creator_card_name,creator_item_title,creator_item_date
cc_001,cnt_c4c598544f,,ПАЧУКА - ЗАЯВКА НА 140 BPM CUP 3 (СЕРЕЖА СОТНИКОВ ТВОРЕЦ DISS),ПАЧУКА - ЗАЯВКА НА 140 BPM CUP 3 (СЕРЕЖА СОТНИКОВ ТВОРЕЦ DISS),2020-05-11 0:00:00
cc_002,cnt_af0a3dc295,,PUNCH TIME: SECTOR х ПАЧУКА,PUNCH TIME: SECTOR х ПАЧУКА | BOOKER - DISS | АО х ДЖЕКЕРЕД | EEUGENE SPEED х ГИНСЕНГ | БЧБ 2х2,2024-07-05 0:00:00
cc_003,cnt_4250e8cecf,,КРИПЛ vs РОНАЛДУ vs Ж*ПА vs МАЛФОЙ vs ЗОЛОТАЯ РЫБКА - ТРИПЛЕТ: РОЛЕВОЙ,Баттл-рэп: главное 2022 / СЫНОЧКА-КОРЗИНОЧКА vs ДОЧКА-ПРОСРОЧКА / ТРИПЛЕТ: КРИПЛ vs РОНАЛДУ vs Ж*ПА vs МАЛФОЙ vs ЗОЛОТАЯ РЫБКА,2026-04-08 8:39:45
cc_003,cnt_65fb194ddf,,КРИПЛ vs РОНАЛДУ vs Ж*ПА vs МАЛФОЙ vs ЗОЛОТАЯ РЫБКА - ТРИПЛЕТ: РОЛЕВОЙ,КРИПЛ х МАЛФОЙ х РОНАЛДУ х Ж*ПА х ЗОЛОТАЯ РЫБКА - ТРИПЛЕТ: РОЛЕВОЙ (РЕАКЦИЯ ПАЧУКИ),2026-04-09 0:00:00
cc_004,cnt_d5180bd2ea,,ПАЧУКА КРИНЖУЕТ СО СВОЕГО БАТТЛА С КЕРАМБИТОМ СПУСТЯ 5 ЛЕТ,ПАЧУКА КРИНЖУЕТ СО СВОЕГО БАТТЛА С КЕРАМБИТОМ СПУСТЯ 5 ЛЕТ (НАРЕЗКА СО СТРИМА),2022-09-07 0:00:00
cc_005,cnt_34adc2c630,,ГАРИК ОГАНИСЯН & ЖАБА АРКАДЬЕВНА x ПАЧУКА & ТОТ САМЫЙ,ACAPELLA DAY #8: D.MASTA х DRAGO | ГАРИК ОГАНИСЯН & ЖАБА АРКАДЬЕВНА x ПАЧУКА & ТОТ САМЫЙ,2021-08-13 0:00:00
cc_006,cnt_13caec9dfe,,СУДЕЙСТВО БЧР (БОЛЬШЕ ЧЕМ РЭП),РЕТРО FB2 #2: RICKEY F х SIN / ЛЁХА МЕДЬ x БУКЕР Д. ФРЕД | СУДЕЙСТВО БЧР (БОЛЬШЕ ЧЕМ РЭП),2022-11-09 0:00:00
cc_006,cnt_d840933814,,СУДЕЙСТВО БЧР (БОЛЬШЕ ЧЕМ РЭП),R1FMABES x RAYBAX (GOH) | #STRELASPB: SHOT DEATHMATCH | СУДЕЙСТВО БЧР (ФИНАЛ),2022-12-13 0:00:00
cc_007,cnt_2076cee955,,созвон с Вальчинским и Игорем,Tanakaboss про Гоблина + Manor Lords + созвон с Вальчинским и Игорем,2024-05-05 10:21:00
cc_008,cnt_5977b8cdfc,,"Конференция - Кубок МЦ: Задень до баттла (Raybax, Пачука, Шумм и др.)","Конференция - Кубок МЦ: Задень до баттла (Raybax, Пачука, Шумм и др.)",2024-09-29 17:36:09
cc_009,cnt_948e6ce623,,ИРЕН х ПАЧУКА - КУБОК МЦ,ИРЕН х ПАЧУКА - КУБОК МЦ | РЕАКЦИЯ,2023-06-12 0:00:00
cc_010,cnt_5e6c04313f,,ABBALBISK x ПАЧУКА x HALLOWEEN x ГОРОШКО x МАСТЯК x ИЗТОЛПЫ | КУБОК МЦ: DEATHMATCH,ABBALBISK x ПАЧУКА x HALLOWEEN x ГОРОШКО x МАСТЯК x ИЗТОЛПЫ | КУБОК МЦ: DEATHMATCH (РЕАКЦИЯ ПАЧУКИ),2024-02-05 0:00:00
cc_011,cnt_b37e880382,,Гузельский бэкстейдж (Кубок МЦ: Х),Гузельский бэкстейдж (Кубок МЦ: Х),2024-09-29 15:26:26
cc_012,cnt_9c04147817,,"ПАЧУКА ПРО СЪЁМКИ ""CYPHER: REBORN 2 - КУБОК МЦ"" | РЕАКЦИЯ","ПАЧУКА ПРО СЪЁМКИ ""CYPHER: REBORN 2 - КУБОК МЦ"" | РЕАКЦИЯ",2024-01-18 0:00:00
cc_013,cnt_b8a6e5b863,,ТРЕТЬЯ ЛИГА - СУДЕЙСТВО,ДИКТАТОР UAV х ИЗТОЛПЫ - RBL UNIVERSE | ИЗТОЛПЫ х КОРИФЕЙ - ZLOVO EKB | ТРЕТЬЯ ЛИГА - СУДЕЙСТВО,2021-07-14 0:00:00
cc_014,cnt_df6cd4a640,,"ПАЧУКА, КЕРАМБИТ, БОЗОН ХИГГСА","РЕТРО#2: МОРИАРЧИ х CHESTER, V-KING х NEONILA, ПАЧУКА, КЕРАМБИТ, БОЗОН ХИГГСА",2020-07-18 0:00:00
cc_015,cnt_662f511526,,TRUE FRICK х ПАЧУКА ,РЕТРО#13: TRUE FRICK х ПАЧУКА (ПЕРЕЗАЛИВ СТРИМА),2020-09-27 0:00:00
cc_016,cnt_2048e59c6e,,ПАЧУКА vs. ЗЛАЯ ЭЛВИ | SLOVO MOSCOW 3,ПАЧУКА vs. ЗЛАЯ ЭЛВИ | ТЕСЛА vs. МЛЕЧНЫЙ | SLOVO MOSCOW 3 | РЕТРОСПЕКТИВА,2019-04-21 0:00:00
cc_017,cnt_7df297eeb0,,ПАЧУКА vs. TVOIGREH | SLOVO MOSCOW 3,ПАЧУКА vs. TVOIGREH | SLOVO MOSCOW 3 | РЕТРОСПЕКТИВА,2019-04-28 0:00:00
cc_018,cnt_a70c4f1a5a,,ПАЧУКА  vs. СКРЭПЕР | SLOVO MOSCOW 3,ПАЧУКА  vs. СКРЭПЕР | SLOVO MOSCOW 3 | РЕТРОСПЕКТИВА,2019-06-18 0:00:00
cc_019,cnt_cda1435034,,ГНОЙНЫЙ х ФАЛЛЕН МС vs. НАРЕК х ПАЧУКА | SLOVO MOSCOW 3,ГНОЙНЫЙ х ФАЛЛЕН МС vs. НАРЕК х ПАЧУКА | SLOVO MOSCOW 3 | РЕТРОСПЕКТИВА,2019-06-27 0:00:00
cc_020,cnt_f14da0568d,,КЕРАМБИТ х ПАЧУКА - SLOVO MOSCOW 4,РЕТРО#7: КЕРАМБИТ х ПАЧУКА - SLOVO MOSCOW 4 | МАЙК СТИКС x ДИКТАТОР UAV - HP-BPM,2020-08-10 0:00:00
cc_021,cnt_58d270e4c4,,КАТРОВАСЕР х ПАЧУКА | SLOVO MOSCOW 4,РЕТРО#11: КАТРОВАСЕР х ПАЧУКА | КОСНАРТ x БОЗОН ХИГГСА - SLOVO MOSCOW 4,2020-09-02 0:00:00
cc_022,cnt_6316994699,,ПАЧУКА х КОСНАРТ - ФИНАЛ SLOVO MOSCOW 4 СЕЗОН,РЕТРО#17: ПАЧУКА х КОСНАРТ - ФИНАЛ SLOVO MOSCOW 4 СЕЗОН | YARMAK х АРТЕМ ЛОИК,2020-10-15 0:00:00
cc_023,cnt_ecf93f3e99,,ЗАЯВКА НА SLOVO MOSCOW III ПАЧУКА,ЗАЯВКА НА SLOVO MOSCOW III ПАЧУКА,2015-08-27 0:00:00
cc_024,cnt_8e919c222a,,ПАЧУКА - Заявка на SLOVO MOSCOW 4,ПАЧУКА - Заявка на SLOVO MOSCOW 4,2017-01-22 0:00:00
cc_025,cnt_5d60232e8d,,ОЧЕРЕДНОЙ КАРТАВЫЙ х ПАЧУКА - SLOVO,ACAPELLA DAY #4: ХОВАНСКИЙ х ЛАРИН - VERSUS | ОЧЕРЕДНОЙ КАРТАВЫЙ х ПАЧУКА - SLOVO,2021-03-17 0:00:00
cc_026,cnt_859b1c7c1b,,ХХОС ПРОТИВ ВСЕХ | КУБОК МЦ: X ,ХХОС ПРОТИВ ВСЕХ | КУБОК МЦ: X (РЕАКЦИЯ ПАЧУКИ),2022-08-29 0:00:00
cc_027,cnt_d0474756b0,,ПАЧУКА - Заявка на Versus Fresh Blood 4: Война Стилей,ПАЧУКА - Заявка на Versus Fresh Blood 4: Война Стилей,2017-12-09 0:00:00
cc_028,cnt_f879967b2b,,ПАЧУКА - ДИСС НА РИФМАБЕСА (R1FMABES DISS),ПАЧУКА - ДИСС НА РИФМАБЕСА (R1FMABES DISS),2022-08-29 0:00:00
cc_029,cnt_6223049265,,ПАЧУКА В ШОКЕ С РЕАКЦИИ ИРЕН И ЭЛЬ МЭДА НА СВОЮ РЕАКЦИЮ НА ИХ РАУНДЫ,ПАЧУКА В ШОКЕ С РЕАКЦИИ ИРЕН И ЭЛЬ МЭДА НА СВОЮ РЕАКЦИЮ НА ИХ РАУНДЫ,2024-01-31 0:00:00
cc_030,cnt_a50671902b,,Бадибежная эльмедкиных в двух частях by Юлик Харьковский,Бадибежная эльмедкиных в двух частях by Юлик Харьковский,2024-05-16 18:17:01
cc_031,cnt_71142f5f01,,"Аудиокнига ""Баттлбист"". Часть 1.","Аудиокнига ""Баттлбист"". Часть 1.",2024-11-21 17:10:03
cc_032,cnt_566e6b5a52,,Художественный стрим #1,Художественный стрим #1,2024-12-02 9:05:00
cc_033,cnt_a9fd84a85d,,Школьное видео из 2007 года + впечатления о Кубке + др,Школьное видео из 2007 года + впечатления о Кубке + др,2025-12-02 9:20:00
cc_034,cnt_d2b9f3cab5,,ХАЙЛАЙТЫ 2025 ГОДА,ПАЧУКА – ЛУЧШИЕ МОМЕНТЫ 2025 | ХАЙЛАЙТЫ ГОДА (GUZELKA),2026-01-07 0:00:00
cc_034,cnt_b0e282fb7e,,ХАЙЛАЙТЫ 2025 ГОДА,Хайлайты 2025,2026-01-07 0:37:01
cc_035,cnt_b9769f716d,,НОВОГОДНЕЕ ОБРАЩЕНИЕ ПАЧУКИ | ИТОГИ И ХАЙЛАЙТЫ 2021 ГОДА,НОВОГОДНЕЕ ОБРАЩЕНИЕ ПАЧУКИ | ИТОГИ И ХАЙЛАЙТЫ 2021 ГОДА,2021-12-31 0:00:00
cc_036,cnt_e0be10c63f,,ХАЙЛАЙТЫ 2022 ГОДА,ЛУЧШИЕ МОМЕНТЫ СТРИМОВ ПАЧУКИ | 2022 (ГУЗЕЛЬКА / GUZELKA),2022-12-29 0:00:00
cc_036,cnt_565cf64d44,,ХАЙЛАЙТЫ 2022 ГОДА,ПАЧУКА СМОТРИТ СВОИ ХАЙЛАЙТЫ 2022 ГОДА,2024-01-10 0:00:00
cc_037,cnt_e7aa05a968,,ПАЧУКА СМОТРИТ СВОИ ПЕРВЫЕ СТРИМЫ И ИГРОВЫЕ НАРЕЗКИ,ПАЧУКА СМОТРИТ СВОИ ПЕРВЫЕ СТРИМЫ И ИГРОВЫЕ НАРЕЗКИ,2023-04-19 0:00:00
cc_038,cnt_f8180754f9,,ХАЙЛАЙТЫ 2023 ГОДА,ПАЧУКА - ЛУЧШИЕ МОМЕНТЫ 2023 | ХАЙЛАЙТЫ ГОДА (GUZELKA),2023-12-29 0:00:00
cc_038,cnt_6fbdc7396c,,ХАЙЛАЙТЫ 2023 ГОДА,Пачука смотрит Хайлайты 2023,2024-12-31 10:51:00
cc_038,cnt_5d05462358,,ХАЙЛАЙТЫ 2023 ГОДА,ПАЧУКА СМОТРИТ СВОИ ХАЙЛАЙТЫ 2023 ГОДА,2025-01-11 0:00:00
cc_039,cnt_7bd6364af5,,ХАЙЛАЙТЫ 2024 ГОДА,ПАЧУКА - ЛУЧШИЕ МОМЕНТЫ 2024 | ХАЙЛАЙТЫ ГОДА (GUZELKA),2025-01-06 0:00:00
cc_039,cnt_beba893b6a,,ХАЙЛАЙТЫ 2024 ГОДА,Хайлайты 2024,2025-01-07 9:50:00
cc_039,cnt_369d8cd93e,,ХАЙЛАЙТЫ 2024 ГОДА,Просмотр Хайлайтов за 2024 год + заказы,2025-12-31 9:28:00
cc_046,cnt_cc5b4bf96c,,Секретный стрим по Elden Ring (алко хохотач),Секретный стрим по Elden Ring (алко хохотач),2024-09-29 15:22:40
cc_047,cnt_7bf516ad98,1,24 ЧАСА ,"24 ЧАСА (часть 1/5) EA FC 24, Особняк милф (2 сезон, серии 7-8)",2024-06-23 16:20:04
cc_047,cnt_faffe5a825,2,24 ЧАСА ,"24 ЧАСА (часть 2/5) Hunt: Showdown, Люди Икс: Первый класс (2011)",2024-06-23 16:54:36
cc_047,cnt_b79fa69b9b,3,24 ЧАСА,"24 ЧАСА (часть 3/5) люди икс: дни минувшего будущего (2014), cs с чаттерсами, мужское / женское. дорогие мои москвичи",2024-06-23 17:47:15
cc_047,cnt_aed128bd69,4,24 ЧАСА,"24 ЧАСА (часть 4/5) 300 спартанцев (2006), большое шоу (7 сезон)",2024-06-23 18:30:15
cc_047,cnt_58335232e2,5,24 ЧАСА,"24 ЧАСА (часть 5/5) Большое шоу (7 сезон), Большое шоу (1 сезон)",2024-06-23 19:44:36
cc_048,cnt_b550f51b01,,ПАЧУКА УЧИТСЯ БИТБОКСУ И ЗАПИСЫВАЕТ КУРИНЫЙ ХИТ,Уроки битбокса,2025-02-22 9:08:00
cc_048,cnt_742aa34283,,ПАЧУКА УЧИТСЯ БИТБОКСУ И ЗАПИСЫВАЕТ КУРИНЫЙ ХИТ,ПАЧУКА УЧИТСЯ БИТБОКСУ И ЗАПИСЫВАЕТ КУРИНЫЙ ХИТ,2025-03-09 0:00:00
cc_049,cnt_cc53c20450,,ПАЧУКА СИЯЕТ НА ТУРНИРЕ ПО GOD OF WAR (ХАРДКОР) | МАСТЕР ИГОРЕЙ,ПАЧУКА СИЯЕТ НА ТУРНИРЕ ПО GOD OF WAR (ХАРДКОР) | МАСТЕР ИГОРЕЙ,2024-05-02 0:00:00
cc_050,cnt_92ff4c3488,,ЛУЧШИЕ ИСПУГИ ПАЧУКИ,ПОДБОРКА ЛУЧШИХ ИСПУГОВ ПАЧУКИ #1 | RESIDENT EVIL / OUTLAST / THE BEAST INSIDE,2020-05-27 0:00:00
cc_050,cnt_069a7d0ec7,,ЛУЧШИЕ ИСПУГИ ПАЧУКИ,ЛУЧШИЕ ИСПУГИ ПАЧУКИ | ПОДБОРКА ОБОСРАМСОВ ПАЧУКИ | OUTLAST 2 | THE BEAST INSIDE,2020-08-30 0:00:00
cc_051,cnt_2d9c6a0f8e,,Мастер Игорей по The Last of Us,Мастер Игорей по The Last of Us - VOD (17.03.2024),2024-03-18 0:00:00
cc_051,cnt_e4815f6a97,,Мастер Игорей по The Last of Us,Нарезка стрима по Мастеру Игорей (The Last of Us на максимальной сложности с 1 жизнью),2024-03-19 17:13:39
cc_051,cnt_4944a849c3,,Мастер Игорей по The Last of Us,"ПАЧУКА СИЯЕТ НА ТУРНИРЕ ПО THE LAST OF US (МАКСИМАЛЬНАЯ СЛОЖНОСТЬ, ОДНА ЖИЗНЬ) | МАСТЕР ИГОРЕЙ",2024-03-21 0:00:00
cc_051,cnt_5bbe6732c6,,Мастер Игорей по The Last of Us,ХК Мастер Игорей | TLOU 1 (32 участника),2024-12-16 10:18:00
cc_051,cnt_576d5e9ac3,,Мастер Игорей по The Last of Us,Пачука берет Топ-1 на предМИ в The Last Of Us,2024-12-16 10:47:00
cc_052,cnt_dc8b3dddef,,Пачука выбирает 8го Пенсионера,Пачука выбирает 8го Пенсионера,2024-11-07 9:06:00
cc_053,cnt_103cc328fa,,ПАЧУКА ВЫБИРАЕТ ЛУЧШУЮ ЛИЧНОСТЬ СТРИМЕРА PAPAPACHUCA (ТЕСТ),ПАЧУКА ВЫБИРАЕТ ЛУЧШУЮ ЛИЧНОСТЬ СТРИМЕРА PAPAPACHUCA (ТЕСТ),2021-04-16 0:00:00
cc_054,cnt_efd835091d,,"Созвон с МЦ Похоронилом и 2х0,5","Созвон с МЦ Похоронилом и 2х0,5",2025-05-26 9:57:00
cc_055,cnt_8b90624929,,АЛКОСТРИМ HEAVY RAIN | ПАЧУКА НАКИДАЛСЯ КАК НИКОГДА,АЛКОСТРИМ HEAVY RAIN | ПАЧУКА НАКИДАЛСЯ КАК НИКОГДА,2021-07-10 0:00:00
cc_056,cnt_36a7ac9e6e,,Пачука - В чистом поле васильки (Official video),Пачука - В чистом поле васильки (Official video),2022-02-09 0:00:00
cc_057,cnt_034c890254,,"GUZELKA GAMES TRAILER (ТРЕЙЛЕР КАНАЛА) - СТРИМЫ, КОТОРЫЕ РАЗНЕСУТ ТВОЮ КИБИТКУ","GUZELKA GAMES TRAILER (ТРЕЙЛЕР КАНАЛА) - СТРИМЫ, КОТОРЫЕ РАЗНЕСУТ ТВОЮ КИБИТКУ",2021-07-14 0:00:00
cc_059,cnt_c3ba87ef4b,,"""Натальная карта"" с Харламовым, донат в 100к, гадание подписчикам, денежная вода.","""Натальная карта"" с Харламовым, донат в 100к, гадание подписчикам, денежная вода.",2024-07-24 2:05:54
cc_059,cnt_dc31fba666,,"""Натальная карта"" с Харламовым, донат в 100к, гадание подписчикам, денежная вода.",ПАЧУКА ГАДАЕТ ПОДПИСЧИКАМ И ПОЛУЧАЕТ РЕКОРДНЫЙ ДОНАТ,2024-07-25 0:00:00
cc_061,cnt_5c8c252580,,Первый гузельский стрим-концерт,Первый гузельский стрим-концерт,2022-05-27 0:00:00
cc_061,cnt_55b7c0e786,,Первый гузельский стрим-концерт,"Первый гузельский стрим-концерт. На ютубе появится чуть позже без трека ""Циркумфлекс"", так как из-за авторских прав на этот бит блокируют весь ролик.",2024-09-29 15:23:15
cc_062,cnt_750dd46d0e,,Свадьба Пачума и Маши,Свадьба Пачума и Маши,2024-09-29 15:24:21
cc_063,cnt_f865ba594f,,Годовщина стримера. Просмотр старых стримов.,Годовщина стримера. Просмотр старых стримов.,2025-04-16 9:44:00
cc_064,cnt_c7ccba7c2c,12,Положняки (Бусти),Положняк #12 - Про ЧСВ BATTLE и конфликты в проекте.,2024-10-29 15:36:47
cc_064,cnt_743245f5e0,10,Положняки (Бусти),"Положняк #10 - Про биф Хэла с Ирен, бифы Драго с девочками + обзор новостей",2024-08-15 15:33:02
cc_064,cnt_10aa06d006,11,Положняки (Бусти),"Положняк #11 - Про 1/2 Кубок МЦ: Ultimate (Дмитрий Маликов, Шокк, чел без ноги).",2024-10-21 15:45:18
cc_064,cnt_b64b074fc4,4,Положняки (Бусти),Положняк #4 - Про баттловый стриминг. Тест на лучшего баттлового стримера.,2024-03-21 15:35:27
cc_064,cnt_be9faf76eb,1,Положняки (Бусти),"Положняк #1 - Про Забэ, RBL и Нищий хайп",2024-02-12 15:28:23
cc_064,cnt_1e1591a9e9,2,Положняки (Бусти),"Положняк #2 - Про Забэ, Казино Хайпа, штрафы за баяны, RBL Family",2024-02-16 9:02:00
cc_064,cnt_6855a90bee,5,Положняки (Бусти),"Положняк #5 - Про Эль Мэда, лоховскую травлю и защиту Дэна Чейни.",2024-04-02 14:23:13
cc_064,cnt_e6429354eb,9,Положняки (Бусти),"Положняк #9 - Про встречу Кубка, сходку элитной дрочильни и Дона Симона",2024-07-29 17:28:06
cc_064,cnt_a81462f900,3,Положняки (Бусти),Положняк #3 - Про Дюну 2,2024-03-07 21:47:47
cc_064,cnt_67854fe158,13,Положняки (Бусти),Ультимативный Положняк #13 - Про Сверхъестественное,2026-05-11 15:05:11
cc_064,cnt_d332ab7ed3,6,Положняки (Бусти),Положняк #6 - Про Каниму и Палмдропова.,2024-05-06 17:59:20
cc_064,cnt_42842cbb6b,7,Положняки (Бусти),Положняк #7 - Про Забэ и конфликт с АО.,2024-07-06 17:16:05
cc_064,cnt_2ef892a6cd,8,Положняки (Бусти),"Положняк #8 - Про Забэ, конфликт с JOREFRAME и угрозы страйками.",2024-07-13 14:02:11
cc_065,cnt_b1922fea3f,1,ProBattle | Судейство,"СУДЕЙСТВО PROBATTLE #1: СЛУШАЕМ ОТБОРОЧНЫЕ ТРЕКИ, ИЩЕМ ПОЖИЛЫЕ АЛМАЗЫ",2020-12-12 0:00:00
cc_065,cnt_5232a1a74a,2,ProBattle | Судейство,СУДЕЙСТВО PROBATTLE #2: САМЫЙ ДОБРЫЙ СУДЬЯ В ДЕЛЕ. КОМУ ЖЕ СЕГОДНЯ ЧУТЬ-ЧУТЬ НЕ ХВАТИТ?,2020-12-16 0:00:00
cc_065,cnt_e6b003c734,3,ProBattle | Судейство,СУДЕЙСТВО PROBATTLE #3: КОНКУРС ПЕСЕН В САМОМ РАЗГАРЕ,2020-12-21 0:00:00
cc_065,cnt_ab4d6f591a,4,ProBattle | Судейство,"СУДЕЙСТВО PROBATTLE #4: T-ONE, КАТРОВАСЕР, МС С МАРСА. ПОСЛЕДНИЙ ДЕНЬ СДАЧИ ТРЕКОВ",2020-12-27 0:00:00
cc_065,cnt_372d3563fb,5,ProBattle | Судейство,СУДЕЙСТВО PROBATTLE #5: ПОДКЛАДЫВАЕМ ПОД ЁЛОЧКУ ПРОХОДИКИ ВО 2Й РАУНД,2020-12-30 0:00:00
cc_065,cnt_c79286338b,6,ProBattle | Судейство,СУДЕЙСТВО PROBATTLE #6: В ПОИСКАХ НОВЫХ МОЛОДЫХ ЛЕГЕНД,2021-01-08 0:00:00
cc_065,cnt_9669056804,7,ProBattle | Судейство,"СУДЕЙСТВО PROBATTLE #7: ММФ., LAWANDA, НЕРАДИН, ТРАЙ",2021-01-26 0:00:00
cc_065,cnt_ce2a7da777,8,ProBattle | Судейство,"СУДЕЙСТВО PROBATTLE #8: ТАТИЩЕВСКИЙ, КАТРОВАСЕР (ПЁСЕК), MZLM",2021-01-29 0:00:00
cc_065,cnt_2144efd8ca,9,ProBattle | Судейство,"СУДЕЙСТВО PROBATTLE #9 (2 ROUND): CANTERVILLE, LEANJE, O.K., СДОБРЫМУТРОМ",2021-02-02 0:00:00
cc_065,cnt_388d6136b5,10,ProBattle | Судейство,"СУДЕЙСТВО PROBATTLE #10: KSERON, T-ONE, МЦ ЛУЧНИК, RABBIT, СУРОВЫЙ, TILLS, PALACH, МС С МАРСА",2021-02-05 0:00:00
cc_065,cnt_5240ac6839,11,ProBattle | Судейство,"СУДЕЙСТВО PROBATTLE #11 (ROUND 2): RAM (БОЛЬШЕ НЕЙМОВ НЕ БЫЛО, РОМА РАЙМЕР НОУНЕЙМ)",2021-02-09 0:00:00
cc_065,cnt_52dd1ab62f,12,ProBattle | Судейство,СУДЕЙСТВО PROBATTLE #12 (ROUND 3) - ПОСТАВИЛ ПЕРВУЮ ДЕСЯТКУ!,2021-03-02 0:00:00
cc_065,cnt_b339a53a27,13,ProBattle | Судейство,СУДЕЙСТВО PROBATTLE #13 (ROUND 3) - CANTERVILLE | T-ONE | PALACH | PLAGUEINSIDE,2021-03-04 0:00:00
cc_065,cnt_4738639035,14,ProBattle | Судейство,СУДЕЙСТВО PROBATTLE #14 (ROUND 3): МС С МАРСА vs РОМА СУРОВЫЙ / TILLS vs LEANJE,2021-03-09 0:00:00
cc_065,cnt_8d0b01b9c8,15,ProBattle | Судейство,СУДЕЙСТВО PROBATTLE #15 (ROUND 3): ММФ. x REDDOGY / ALEX MURMAN x ПЁСЕК / JOHNY MARR / KSERON / .SN,2021-03-10 0:00:00
cc_065,cnt_830daac59c,16,ProBattle | Судейство,"СУДЕЙСТВО PROBATTLE #16 (ROUND 4): CANTERVILLE, CREP, H1GH, LAWANDA, ASEL', T-ONE, SMACK, LEANJE",2021-03-31 0:00:00
cc_065,cnt_8153aef1cb,17,ProBattle | Судейство,СУДЕЙСТВО PROBATTLE #17 (ROUND 4): ДОБИВАЕМ ЧЕТВЕРТЫЙ РАУНД,2021-04-08 0:00:00
cc_065,cnt_59ff172d02,18,ProBattle | Судейство,"PROBATTLE (ROUND 5) СУДЕЙСТВО #18: LEANJE, ММФ., CANTERVILLE, DANGER, QDRYA, SKIMOFF, CREP, ASEL'",2021-04-28 0:00:00
cc_065,cnt_fad5d6bd16,19,ProBattle | Судейство,"PROBATTLE (ROUND 5) СУДЕЙСТВО #19: H1GH, RAM, JOHNY MARR, TOLEBI, LAWANDA",2021-04-29 0:00:00
cc_065,cnt_16c9ab2cea,20,ProBattle | Судейство,PROBATTLE (ROUND 6) СУДЕЙСТВО #20: КОПИРКА ФЛОМАСТЕРА НЕ ПАЛИТСЯ И РАБОТАЕТ ПО МЕТОДИЧКЕ САНЧУКА,2021-05-19 0:00:00
cc_065,cnt_5f57a794e3,21,ProBattle | Судейство,PROBATTLE (ROUND 7) СУДЕЙСТВО #21: ПОЛУФИНАЛЫ | МОЙ ПОСЛЕДНИЙ СТРИМ RPOBATTLE,2021-06-12 0:00:00
cc_066,cnt_8c449a0ac7,,ПАЧУКА х ЮЛЯ KIWI,ВПЕЧАТЛЕНИЯ ОТ КУБОК МЦ: LEGACY | DANILABOI x PALMDROPOV x DOCTOR KAPUSTU! | ПАЧУКА х ЮЛЯ KIWI,2023-06-18 0:00:00
cc_066,cnt_034853addc,,ПАЧУКА х ЮЛЯ KIWI,ACAPELLA DAY #5: ЮЛЯ KIWI х ПАЧУКА - КУБОК МЦ | МИША КОНФУЗ х КАТРОВАСЕР - SLOVO,2021-05-27 0:00:00